{"metrics/precision": 0.44165143735271944, "val/cls_loss": 0.004243222996592522, "val/obj_loss": 0.05068763718008995, "metrics/mAP_0.5:0.95": 0.5177681032528051, "_runtime": 43874, "metrics/mAP_0.5": 0.7446657635984876, "x/lr0": 0.0024474542047458222, "x/lr1": 0.0024474542047458222, "_step": 11688, "train/obj_loss": 0.022482382133603096, "metrics/recall": 0.7948348846297185, "train/cls_loss": 0.0015882144216448069, "_timestamp": 1653344130, "train/box_loss": 0.015146134421229362, "Labels": {"_type": "images/separated", "count": 2, "filenames": ["media/images/Labels_0_e0215554cda8020f54f4.png", "media/images/Labels_0_8b8f8d06a5386a1cc402.png"], "format": "png", "height": 2000, "width": 2000, "captions": ["labels_correlogram.png", "labels.png"]}, "val/box_loss": 0.020609388127923012, "Mosaics": {"count": 3, "filenames": ["media/images/Mosaics_1_c73b1d30e6ad57837784.jpg", "media/images/Mosaics_1_b4abf407c2dae2e878be.jpg", "media/images/Mosaics_1_1634b1b130a5cf2625bb.jpg"], "format": "jpg", "_type": "images/separated", "height": 1280, "width": 1280, "captions": ["train_batch2.jpg", "train_batch1.jpg", "train_batch0.jpg"]}, "x/lr2": 0.0024474542047458222}