{"Labels": {"_type": "images/separated", "width": 2000, "height": 2000, "format": "png", "count": 2, "filenames": ["media/images/Labels_0_63ab0d022777c5eb5353.png", "media/images/Labels_0_511d80f700f9163bfe5d.png"], "captions": ["labels_correlogram.png", "labels.png"]}, "_timestamp": 1653124546, "_runtime": 47281, "_step": 3888, "Mosaics": {"_type": "images/separated", "width": 1280, "height": 1280, "format": "jpg", "count": 3, "filenames": ["media/images/Mosaics_1_89d83784f5ff9a167c99.jpg", "media/images/Mosaics_1_fd5dc0552acd27a2c011.jpg", "media/images/Mosaics_1_b5ec54733a3c31b75676.jpg"], "captions": ["train_batch2.jpg", "train_batch1.jpg", "train_batch0.jpg"]}, "train/box_loss": 0.005595135968178511, "train/obj_loss": 0.01204641442745924, "train/cls_loss": 0.00020107370801270008, "metrics/precision": 0.46453708075049344, "metrics/recall": 0.5648382474867224, "metrics/mAP_0.5": 0.551771425243477, "metrics/mAP_0.5:0.95": 0.3872293035751269, "val/box_loss": 0.021810822188854218, "val/obj_loss": 0.08890395611524582, "val/cls_loss": 0.006495964713394642, "x/lr0": 0.0020019737585370736, "x/lr1": 0.0020019737585370736, "x/lr2": 0.0020019737585370736}