{"Labels": {"_type": "images/separated", "width": 2000, "height": 2000, "format": "png", "count": 2, "filenames": ["media/images/Labels_0_146272f6dda8c649f9cd.png", "media/images/Labels_0_103c9dc389263f96b345.png"], "captions": ["labels_correlogram.png", "labels.png"]}, "_timestamp": 1653376349, "_runtime": 32151, "_step": 8529, "Mosaics": {"_type": "images/separated", "width": 1280, "height": 1280, "format": "jpg", "count": 3, "filenames": ["media/images/Mosaics_1_ca5e85a63b316566eb73.jpg", "media/images/Mosaics_1_9a2f6db0ceb71e82b290.jpg", "media/images/Mosaics_1_3dde51a0a387e9216b16.jpg"], "captions": ["train_batch1.jpg", "train_batch0.jpg", "train_batch2.jpg"]}, "train/box_loss": 0.00988550204783678, "train/obj_loss": 0.012614988721907139, "train/cls_loss": 0.0006828752811998129, "metrics/precision": 0.7191544426950224, "metrics/recall": 0.6552883877855208, "metrics/mAP_0.5": 0.7370420944267784, "metrics/mAP_0.5:0.95": 0.561039415337883, "val/box_loss": 0.017152754589915276, "val/obj_loss": 0.06001666560769081, "val/cls_loss": 0.00333046424202621, "x/lr0": 0.004139395687690167, "x/lr1": 0.004139395687690167, "x/lr2": 0.004139395687690167}