{"Labels": {"_type": "images/separated", "width": 1600, "height": 1600, "format": "png", "count": 2, "filenames": ["media/images/Labels_0_c45e511e69d43de2494e.png", "media/images/Labels_0_94dd938c1bf64e0b3848.png"], "captions": ["labels.png", "labels_correlogram.png"]}, "_timestamp": 1652710092, "_runtime": 1579, "_step": 391, "Mosaics": {"_type": "images/separated", "width": 1280, "height": 1280, "format": "jpg", "count": 3, "filenames": ["media/images/Mosaics_1_c10cc57fc92c19e79695.jpg", "media/images/Mosaics_1_f9d3cd7056bed230e248.jpg", "media/images/Mosaics_1_f904e2afd3be55a3b8fc.jpg"], "captions": ["train_batch2.jpg", "train_batch0.jpg", "train_batch1.jpg"]}, "train/box_loss": 0.02504696510732174, "train/obj_loss": 0.06281151622533798, "train/cls_loss": 0.010786954313516617, "metrics/precision": 0.26234195360661505, "metrics/recall": 0.4625504950478576, "metrics/mAP_0.5": 0.397976942089959, "metrics/mAP_0.5:0.95": 0.2781663747759646, "val/box_loss": 0.027972284704446793, "val/obj_loss": 0.07790997624397278, "val/cls_loss": 0.014947580173611641, "x/lr0": 0.009993123953259488, "x/lr1": 0.009993123953259488, "x/lr2": 0.009993123953259488}