{"Labels": {"_type": "images/separated", "width": 1600, "height": 1600, "format": "png", "count": 2, "filenames": ["media/images/Labels_0_62cf63d80c67b72e2425.png", "media/images/Labels_0_ea758ba68ba4a2e13f43.png"], "captions": ["labels.png", "labels_correlogram.png"]}, "_timestamp": 1652884398, "_runtime": 3676, "_step": 131, "Mosaics": {"_type": "images/separated", "width": 1280, "height": 1280, "format": "jpg", "count": 3, "filenames": ["media/images/Mosaics_1_6fce34fd354380e8ed58.jpg", "media/images/Mosaics_1_5ef421a59fbb65a620d6.jpg", "media/images/Mosaics_1_3494b82b91d3c2012e44.jpg"], "captions": ["train_batch0.jpg", "train_batch1.jpg", "train_batch2.jpg"]}, "train/box_loss": 0.05730244889855385, "train/obj_loss": 0.0506497286260128, "train/cls_loss": 0.03034127689898014, "metrics/precision": 0.08345106036404511, "metrics/recall": 0.23639452518364604, "metrics/mAP_0.5": 0.11362537002627808, "metrics/mAP_0.5:0.95": 0.035035454466147156, "val/box_loss": 0.06000789627432823, "val/obj_loss": 0.08710602670907974, "val/cls_loss": 0.03691395744681358, "x/lr0": 0.009999438542307122, "x/lr1": 0.009999438542307122, "x/lr2": 0.009999438542307122}