{"x/lr2": 0.002225257908806523, "val/cls_loss": 0.005910348147153854, "train/box_loss": 0.006730770692229271, "metrics/mAP_0.5": 0.6626830812267405, "metrics/precision": 0.6876101211748689, "train/obj_loss": 0.021402636542916298, "_timestamp": 1652891880, "val/box_loss": 0.019650692120194435, "val/obj_loss": 0.10034696012735367, "train/cls_loss": 0.00035917869536206126, "Mosaics": {"height": 1280, "width": 1280, "captions": ["train_batch0.jpg", "train_batch1.jpg", "train_batch2.jpg"], "count": 3, "filenames": ["media/images/Mosaics_1_f4b88ff17c00bde0f4f1.jpg", "media/images/Mosaics_1_36fd27e201beb8666fec.jpg", "media/images/Mosaics_1_f51b147a1af1bfab1b56.jpg"], "_type": "images/separated", "format": "jpg"}, "metrics/recall": 0.621563842354689, "metrics/mAP_0.5:0.95": 0.5077064251764587, "x/lr1": 0.002225257908806523, "_runtime": 105132, "x/lr0": 0.002225257908806523, "_step": 17421, "Labels": {"height": 2000, "width": 2000, "captions": ["labels_correlogram.png", "labels.png"], "count": 2, "filenames": ["media/images/Labels_0_0b7d782eea51b7885d91.png", "media/images/Labels_0_6b867ca0cf041589d8f0.png"], "format": "png", "_type": "images/separated"}}