{"metrics/precision": 0.11059868176465193, "x/lr2": 0.002001450139955916, "_runtime": 17824, "metrics/mAP_0.5:0.95": 0.08146336380978049, "val/box_loss": 0.037879638373851776, "metrics/recall": 0.1894582692329692, "train/box_loss": 0.02647414058446884, "_timestamp": 1652965797, "train/obj_loss": 0.03344306722283363, "x/lr1": 0.002001450139955916, "Labels": {"captions": ["labels.png", "labels_correlogram.png"], "count": 2, "filenames": ["media/images/Labels_0_9512d95c2b942dd8a7f4.png", "media/images/Labels_0_db7e44f633381d0abd3c.png"], "_type": "images/separated", "format": "png", "height": 1600, "width": 1600}, "val/cls_loss": 0.020352227613329887, "_step": 4551, "Mosaics": {"_type": "images/separated", "captions": ["train_batch2.jpg", "train_batch0.jpg", "train_batch1.jpg"], "count": 3, "filenames": ["media/images/Mosaics_1_b10f5a6848dc8c74ec7e.jpg", "media/images/Mosaics_1_ed8ac44e436b0ef2999d.jpg", "media/images/Mosaics_1_5e1c2668e49b1c197d8f.jpg"], "format": "jpg", "height": 640, "width": 640}, "metrics/mAP_0.5": 0.177645288897932, "x/lr0": 0.002001450139955916, "train/cls_loss": 0.01546870544552803, "val/obj_loss": 0.06384763866662979, "_wandb": {"runtime": 17870}}