{"Labels": {"_type": "images/separated", "width": 2000, "height": 2000, "format": "png", "count": 2, "filenames": ["media/images/Labels_0_fbebf13f84554dab22c3.png", "media/images/Labels_0_5cea4d588ade31dec282.png"], "captions": ["labels_correlogram.png", "labels.png"]}, "_timestamp": 1652877032, "_runtime": 244, "_step": 53, "Mosaics": {"_type": "images/separated", "width": 1280, "height": 1280, "format": "jpg", "count": 3, "filenames": ["media/images/Mosaics_1_b5240a7c66f855ead494.jpg", "media/images/Mosaics_1_8a98a529ab632516dec3.jpg", "media/images/Mosaics_1_bc4ca6c3cf04d9f91a9d.jpg"], "captions": ["train_batch0.jpg", "train_batch1.jpg", "train_batch2.jpg"]}, "train/box_loss": 0.07931730151176453, "train/obj_loss": 0.06250311434268951, "train/cls_loss": 0.039751701056957245, "metrics/precision": 0.0, "metrics/recall": 0.0, "metrics/mAP_0.5": 0.00048436621188568144, "metrics/mAP_0.5:0.95": 0.00010074207513799404, "val/box_loss": 0.07862819731235504, "val/obj_loss": 0.09651641547679901, "val/cls_loss": 0.04055481404066086, "x/lr0": 0.0048699615481477545, "x/lr1": 0.0048699615481477545, "x/lr2": 0.05616996154814776}