{"metrics/recall": 0.6262854893326286, "train/cls_loss": 0.0003234409959986806, "val/cls_loss": 0.005895661190152168, "metrics/mAP_0.5": 0.6641885899885261, "train/obj_loss": 0.020906643941998482, "_step": 17460, "x/lr2": 0.0022170174615475336, "metrics/precision": 0.689115665015659, "Labels": {"_type": "images/separated", "captions": ["labels_correlogram.png", "labels.png"], "count": 2, "filenames": ["media/images/Labels_0_0b7d782eea51b7885d91.png", "media/images/Labels_0_6b867ca0cf041589d8f0.png"], "format": "png", "height": 2000, "width": 2000}, "_runtime": 105832, "x/lr0": 0.0022170174615475336, "val/box_loss": 0.019574930891394615, "Mosaics": {"width": 1280, "_type": "images/separated", "captions": ["train_batch0.jpg", "train_batch1.jpg", "train_batch2.jpg"], "count": 3, "filenames": ["media/images/Mosaics_1_f4b88ff17c00bde0f4f1.jpg", "media/images/Mosaics_1_36fd27e201beb8666fec.jpg", "media/images/Mosaics_1_f51b147a1af1bfab1b56.jpg"], "format": "jpg", "height": 1280}, "_timestamp": 1652896090, "x/lr1": 0.0022170174615475336, "metrics/mAP_0.5:0.95": 0.509445295089337, "train/box_loss": 0.006709227804094553, "val/obj_loss": 0.09988504648208618}