{"Labels": {"_type": "images/separated", "width": 1600, "height": 1600, "format": "png", "count": 2, "filenames": ["media/images/Labels_0_ae954600b2457aa32f37.png", "media/images/Labels_0_8a3fc01fb03b27427bbc.png"], "captions": ["labels.png", "labels_correlogram.png"]}, "_timestamp": 1653073595, "_runtime": 5478, "_step": 1314, "Mosaics": {"_type": "images/separated", "width": 1280, "height": 1280, "format": "jpg", "count": 3, "filenames": ["media/images/Mosaics_1_229ec5540c72b3df7001.jpg", "media/images/Mosaics_1_9bc2bbdac643f436ac09.jpg", "media/images/Mosaics_1_c328cc99d3b1041467fa.jpg"], "captions": ["train_batch2.jpg", "train_batch0.jpg", "train_batch1.jpg"]}, "train/box_loss": 0.013901524245738983, "train/obj_loss": 0.022405412048101425, "train/cls_loss": 0.0014828348066657782, "metrics/precision": 0.19507509070085052, "metrics/recall": 0.09343919072547988, "metrics/mAP_0.5": 0.13746282991314343, "metrics/mAP_0.5:0.95": 0.06373598163474226, "val/box_loss": 0.026840033009648323, "val/obj_loss": 0.13629892468452454, "val/cls_loss": 0.010073014535009861, "x/lr0": 0.008036165663001487, "x/lr1": 0.008036165663001487, "x/lr2": 0.008036165663001487}