{"Labels": {"_type": "images/separated", "width": 2000, "height": 2000, "format": "png", "count": 2, "filenames": ["media/images/Labels_0_db7e44f633381d0abd3c.png", "media/images/Labels_0_9512d95c2b942dd8a7f4.png"], "captions": ["labels_correlogram.png", "labels.png"]}, "_timestamp": 1652919884, "_runtime": 4119, "_step": 4538, "Mosaics": {"_type": "images/separated", "width": 1280, "height": 1280, "format": "jpg", "count": 3, "filenames": ["media/images/Mosaics_1_a427afac632e4994baa0.jpg", "media/images/Mosaics_1_cfa9273a3715c9705b10.jpg", "media/images/Mosaics_1_ef03b5e8f71f009f5043.jpg"], "captions": ["train_batch1.jpg", "train_batch0.jpg", "train_batch2.jpg"]}, "train/box_loss": 0.034940335899591446, "train/obj_loss": 0.05421946570277214, "train/cls_loss": 0.014318771660327911, "metrics/precision": 0.0926401094525904, "metrics/recall": 0.1390307627035606, "metrics/mAP_0.5": 0.09920026951986372, "metrics/mAP_0.5:0.95": 0.03772997982873816, "val/box_loss": 0.030211398378014565, "val/obj_loss": 0.08798104524612427, "val/cls_loss": 0.01667044498026371, "x/lr0": 0.002001450139955916, "x/lr1": 0.002001450139955916, "x/lr2": 0.002001450139955916, "_wandb": {"runtime": 4128}}