{"x/lr1": 0.0024474542047458222, "Labels": {"height": 2000, "width": 2000, "captions": ["labels_correlogram.png", "labels.png"], "count": 2, "_type": "images/separated", "filenames": ["media/images/Labels_0_146272f6dda8c649f9cd.png", "media/images/Labels_0_103c9dc389263f96b345.png"], "format": "png"}, "_step": 11766, "val/cls_loss": 0.004732273519039154, "metrics/recall": 0.734003080035183, "x/lr2": 0.0024474542047458222, "Mosaics": {"height": 1280, "width": 1280, "_type": "images/separated", "captions": ["train_batch1.jpg", "train_batch0.jpg", "train_batch2.jpg"], "count": 3, "filenames": ["media/images/Mosaics_1_ca5e85a63b316566eb73.jpg", "media/images/Mosaics_1_9a2f6db0ceb71e82b290.jpg", "media/images/Mosaics_1_3dde51a0a387e9216b16.jpg"], "format": "jpg"}, "metrics/mAP_0.5": 0.7497384893743464, "metrics/mAP_0.5:0.95": 0.5691127505880987, "x/lr0": 0.0024474542047458222, "train/box_loss": 0.0078024715185165405, "val/box_loss": 0.01837562769651413, "val/obj_loss": 0.054630160331726074, "train/cls_loss": 0.0004939388600178063, "train/obj_loss": 0.010664057917892933, "metrics/precision": 0.6394270123843819, "_runtime": 44429, "_timestamp": 1653390789}