{"Labels": {"_type": "images/separated", "width": 1600, "height": 1600, "format": "png", "count": 2, "filenames": ["media/images/Labels_0_b78a1162db51102aec80.png", "media/images/Labels_0_7cc8d98c2b24ba81c1df.png"], "captions": ["labels.png", "labels_correlogram.png"]}, "_timestamp": 1653296996, "_runtime": 72169, "_step": 5201, "Mosaics": {"_type": "images/separated", "width": 1280, "height": 1280, "format": "jpg", "count": 3, "filenames": ["media/images/Mosaics_1_f91d44ae8f6846a89252.jpg", "media/images/Mosaics_1_79a3f6db64427f72daef.jpg", "media/images/Mosaics_1_11221bd3be070299a2e7.jpg"], "captions": ["train_batch0.jpg", "train_batch1.jpg", "train_batch2.jpg"]}, "train/box_loss": 0.01684805192053318, "train/obj_loss": 0.007278534583747387, "train/cls_loss": 0.0032883023377507925, "metrics/precision": 0.7036709584670442, "metrics/recall": 0.42329939980886605, "metrics/mAP_0.5": 0.5407311635332268, "metrics/mAP_0.5:0.95": 0.36007268540826753, "val/box_loss": 0.023052165284752846, "val/obj_loss": 0.027227090671658516, "val/cls_loss": 0.009177390486001968, "x/lr0": 0.00725994607862122, "x/lr1": 0.00725994607862122, "x/lr2": 0.00725994607862122}