{"Labels": {"_type": "images/separated", "width": 2000, "height": 2000, "format": "png", "count": 2, "filenames": ["media/images/Labels_0_9df11badd921020c7217.png", "media/images/Labels_0_381df996d3f9cbbe7567.png"], "captions": ["labels_correlogram.png", "labels.png"]}, "_timestamp": 1653076739, "_runtime": 2641, "_step": 326, "Mosaics": {"_type": "images/separated", "width": 1280, "height": 1280, "format": "jpg", "count": 3, "filenames": ["media/images/Mosaics_1_21e85385b8b1c14e9f49.jpg", "media/images/Mosaics_1_f07e850e4881f4937aca.jpg", "media/images/Mosaics_1_0258f289dbe7abe64aa0.jpg"], "captions": ["train_batch2.jpg", "train_batch1.jpg", "train_batch0.jpg"]}, "train/box_loss": 0.020008467137813568, "train/obj_loss": 0.03071371465921402, "train/cls_loss": 0.0048163640312850475, "metrics/precision": 0.14321498341294508, "metrics/recall": 0.05787672237864949, "metrics/mAP_0.5": 0.07595005148502922, "metrics/mAP_0.5:0.95": 0.030538720128576276, "val/box_loss": 0.04760483652353287, "val/obj_loss": 0.11243916302919388, "val/cls_loss": 0.05658809468150139, "x/lr0": 0.009884537119638546, "x/lr1": 0.009884537119638546, "x/lr2": 0.009884537119638546}