{"Labels": {"_type": "images/separated", "width": 2000, "height": 2000, "format": "png", "count": 2, "filenames": ["media/images/Labels_0_ea758ba68ba4a2e13f43.png", "media/images/Labels_0_62cf63d80c67b72e2425.png"], "captions": ["labels_correlogram.png", "labels.png"]}, "_timestamp": 1653158254, "_runtime": 5877, "_step": 3888, "Mosaics": {"_type": "images/separated", "width": 1280, "height": 1280, "format": "jpg", "count": 3, "filenames": ["media/images/Mosaics_1_3e776c27feb4d3d316f7.jpg", "media/images/Mosaics_1_727501e27c85a5e233e1.jpg", "media/images/Mosaics_1_9a74c2e79ba6f5ed3a99.jpg"], "captions": ["train_batch1.jpg", "train_batch0.jpg", "train_batch2.jpg"]}, "train/box_loss": 0.010957754217088223, "train/obj_loss": 0.03635561093688011, "train/cls_loss": 0.0018582037882879376, "metrics/precision": 0.5946232764060858, "metrics/recall": 0.7015082666877875, "metrics/mAP_0.5": 0.7128448595481822, "metrics/mAP_0.5:0.95": 0.4995208072526064, "val/box_loss": 0.013757296837866306, "val/obj_loss": 0.08271662145853043, "val/cls_loss": 0.0033321455121040344, "x/lr0": 0.0020019737585370736, "x/lr1": 0.0020019737585370736, "x/lr2": 0.0020019737585370736, "_wandb": {"runtime": 5896}}