{"Labels": {"_type": "images/separated", "width": 1600, "height": 1600, "format": "png", "count": 2, "filenames": ["media/images/Labels_0_f43788d4cec7fe4c4b90.png", "media/images/Labels_0_b5b0914d90e2bd6a8e1a.png"], "captions": ["labels.png", "labels_correlogram.png"]}, "_timestamp": 1652878103, "_runtime": 184, "_step": 79, "Mosaics": {"_type": "images/separated", "width": 1280, "height": 1280, "format": "jpg", "count": 3, "filenames": ["media/images/Mosaics_1_2122d8b2c5fd4541c37a.jpg", "media/images/Mosaics_1_1d19bf80539ff740cb2c.jpg", "media/images/Mosaics_1_f0dae29e36229212dcc5.jpg"], "captions": ["train_batch2.jpg", "train_batch1.jpg", "train_batch0.jpg"]}, "train/box_loss": 0.08034446090459824, "train/obj_loss": 0.07846281677484512, "train/cls_loss": 0.044046562165021896, "metrics/precision": 0.0, "metrics/recall": 0.0, "metrics/mAP_0.5": 0.0012399964510340993, "metrics/mAP_0.5:0.95": 0.0002901052161247273, "val/box_loss": 0.08336231112480164, "val/obj_loss": 0.09673401713371277, "val/cls_loss": 0.04668733850121498, "x/lr0": 0.0025699436341077467, "x/lr1": 0.0025699436341077467, "x/lr2": 0.07686994363410775, "_wandb": {"runtime": 1030}}