{"Labels": {"_type": "images/separated", "width": 1600, "height": 1600, "format": "png", "count": 2, "filenames": ["media/images/Labels_0_37ad88059e56007e1e2f.png", "media/images/Labels_0_080922daa8148c1b8460.png"], "captions": ["labels.png", "labels_correlogram.png"]}, "_timestamp": 1653127738, "_runtime": 2029, "_step": 352, "Mosaics": {"_type": "images/separated", "width": 1280, "height": 1280, "format": "jpg", "count": 3, "filenames": ["media/images/Mosaics_1_e09e5905581ebcabe942.jpg", "media/images/Mosaics_1_be104ccb35b8afd47a39.jpg", "media/images/Mosaics_1_a6fab74ebf6709753441.jpg"], "captions": ["train_batch0.jpg", "train_batch1.jpg", "train_batch2.jpg"]}, "train/box_loss": 0.01850399374961853, "train/obj_loss": 0.051594968885183334, "train/cls_loss": 0.006660822778940201, "metrics/precision": 0.3713190473934786, "metrics/recall": 0.4314080299038174, "metrics/mAP_0.5": 0.3751306168608119, "metrics/mAP_0.5:0.95": 0.23661642099865013, "val/box_loss": 0.023984400555491447, "val/obj_loss": 0.12006025016307831, "val/cls_loss": 0.009939076378941536, "x/lr0": 0.009863703305156273, "x/lr1": 0.009863703305156273, "x/lr2": 0.009863703305156273}