{"Labels": {"_type": "images/separated", "width": 2000, "height": 2000, "format": "png", "count": 2, "filenames": ["media/images/Labels_0_dd3cc1bbd0af561445c1.png", "media/images/Labels_0_d59fc3ea683c270a3369.png"], "captions": ["labels_correlogram.png", "labels.png"]}, "_timestamp": 1653150541, "_runtime": 22467, "_step": 3888, "Mosaics": {"_type": "images/separated", "width": 1280, "height": 1280, "format": "jpg", "count": 3, "filenames": ["media/images/Mosaics_1_4e9e9f0d3dbe866d403e.jpg", "media/images/Mosaics_1_06345d381a48ccbb5752.jpg", "media/images/Mosaics_1_f4a71e0db303a4e6b4e9.jpg"], "captions": ["train_batch2.jpg", "train_batch1.jpg", "train_batch0.jpg"]}, "train/box_loss": 0.018047595396637917, "train/obj_loss": 0.06010027229785919, "train/cls_loss": 0.004664219915866852, "metrics/precision": 0.0, "metrics/recall": 0.0, "metrics/mAP_0.5": 0.0, "metrics/mAP_0.5:0.95": 0.0, "val/box_loss": 0.062975212931633, "val/obj_loss": 0.3057469129562378, "val/cls_loss": 0.035163164138793945, "x/lr0": 0.0020019737585370736, "x/lr1": 0.0020019737585370736, "x/lr2": 0.0020019737585370736, "_wandb": {"runtime": 22539}}