{"Labels": {"_type": "images/separated", "width": 1600, "height": 1600, "format": "png", "count": 2, "filenames": ["media/images/Labels_0_9512d95c2b942dd8a7f4.png", "media/images/Labels_0_db7e44f633381d0abd3c.png"], "captions": ["labels.png", "labels_correlogram.png"]}, "_timestamp": 1652962863, "_runtime": 17710, "_step": 4538, "Mosaics": {"_type": "images/separated", "width": 640, "height": 640, "format": "jpg", "count": 3, "filenames": ["media/images/Mosaics_1_b10f5a6848dc8c74ec7e.jpg", "media/images/Mosaics_1_ed8ac44e436b0ef2999d.jpg", "media/images/Mosaics_1_5e1c2668e49b1c197d8f.jpg"], "captions": ["train_batch2.jpg", "train_batch0.jpg", "train_batch1.jpg"]}, "train/box_loss": 0.028066957369446754, "train/obj_loss": 0.038607146590948105, "train/cls_loss": 0.016653187572956085, "metrics/precision": 0.11059868176465193, "metrics/recall": 0.1894582692329692, "metrics/mAP_0.5": 0.177645288897932, "metrics/mAP_0.5:0.95": 0.08146336380978049, "val/box_loss": 0.03787963464856148, "val/obj_loss": 0.06384281069040298, "val/cls_loss": 0.020352227613329887, "x/lr0": 0.002001450139955916, "x/lr1": 0.002001450139955916, "x/lr2": 0.002001450139955916, "_wandb": {"runtime": 17762}}