{"Labels": {"_type": "images/separated", "width": 2000, "height": 2000, "format": "png", "count": 2, "filenames": ["media/images/Labels_0_fbebf13f84554dab22c3.png", "media/images/Labels_0_5cea4d588ade31dec282.png"], "captions": ["labels_correlogram.png", "labels.png"]}, "_timestamp": 1652879340, "_runtime": 364, "_step": 79, "Mosaics": {"_type": "images/separated", "width": 1280, "height": 1280, "format": "jpg", "count": 3, "filenames": ["media/images/Mosaics_1_bc4ca6c3cf04d9f91a9d.jpg", "media/images/Mosaics_1_b5240a7c66f855ead494.jpg", "media/images/Mosaics_1_8a98a529ab632516dec3.jpg"], "captions": ["train_batch2.jpg", "train_batch0.jpg", "train_batch1.jpg"]}, "train/box_loss": 0.07116300612688065, "train/obj_loss": 0.05035890266299248, "train/cls_loss": 0.03530905395746231, "metrics/precision": 0.019372288243499427, "metrics/recall": 0.1711484269080705, "metrics/mAP_0.5": 0.04808432503518967, "metrics/mAP_0.5:0.95": 0.012372642568132614, "val/box_loss": 0.0690235123038292, "val/obj_loss": 0.08698882907629013, "val/cls_loss": 0.03413323312997818, "x/lr0": 0.007309839675224758, "x/lr1": 0.007309839675224758, "x/lr2": 0.03420983967522476, "_wandb": {"runtime": 1071}}