{"Labels": {"_type": "images/separated", "width": 2000, "height": 2000, "format": "png", "count": 2, "filenames": ["media/images/Labels_0_0b7d782eea51b7885d91.png", "media/images/Labels_0_6b867ca0cf041589d8f0.png"], "captions": ["labels_correlogram.png", "labels.png"]}, "_timestamp": 1652811680, "_runtime": 101321, "_step": 17382, "Mosaics": {"_type": "images/separated", "width": 1280, "height": 1280, "format": "jpg", "count": 3, "filenames": ["media/images/Mosaics_1_f4b88ff17c00bde0f4f1.jpg", "media/images/Mosaics_1_36fd27e201beb8666fec.jpg", "media/images/Mosaics_1_f51b147a1af1bfab1b56.jpg"], "captions": ["train_batch0.jpg", "train_batch1.jpg", "train_batch2.jpg"]}, "train/box_loss": 0.0069010029546916485, "train/obj_loss": 0.022073104977607727, "train/cls_loss": 0.0004910704446956515, "metrics/precision": 0.6884935963215495, "metrics/recall": 0.6121383215454163, "metrics/mAP_0.5": 0.6621048026360955, "metrics/mAP_0.5:0.95": 0.5062462588089506, "val/box_loss": 0.019760658964514732, "val/obj_loss": 0.10100826621055603, "val/cls_loss": 0.005934733897447586, "x/lr0": 0.0022364769241830984, "x/lr1": 0.0022364769241830984, "x/lr2": 0.0022364769241830984}