{"val/obj_loss": 0.06363198906183243, "train/box_loss": 0.02677880972623825, "train/obj_loss": 0.03355470299720764, "x/lr2": 0.002000644528283767, "Validation": {"format": "jpg", "height": 896, "width": 1280, "captions": ["test_batch0_labels.jpg", "test_batch0_pred.jpg", "test_batch1_labels.jpg", "test_batch1_pred.jpg", "test_batch2_labels.jpg", "test_batch2_pred.jpg"], "count": 6, "filenames": ["media/images/Validation_4553_06d063ab25cdc94f08a6.jpg", "media/images/Validation_4553_1d27931fde849cef0ae8.jpg", "media/images/Validation_4553_6112620edd6a8724638f.jpg", "media/images/Validation_4553_65abf974d15e2c49d6cd.jpg", "media/images/Validation_4553_b5ecc4dfb5cd45ff9b45.jpg", "media/images/Validation_4553_687f4649a6d719a730e3.jpg"], "_type": "images/separated"}, "val/box_loss": 0.03820520266890526, "val/cls_loss": 0.02034584805369377, "metrics/precision": 0.10491741401090472, "Mosaics": {"filenames": ["media/images/Mosaics_1_b10f5a6848dc8c74ec7e.jpg", "media/images/Mosaics_1_ed8ac44e436b0ef2999d.jpg", "media/images/Mosaics_1_5e1c2668e49b1c197d8f.jpg"], "format": "jpg", "height": 640, "width": 640, "_type": "images/separated", "captions": ["train_batch2.jpg", "train_batch0.jpg", "train_batch1.jpg"], "count": 3}, "_step": 4567, "Results": {"_type": "images/separated", "format": "png", "height": 1200, "width": 2400, "captions": ["results.png", "precision-recall_curve.png"], "count": 2, "filenames": ["media/images/Results_4567_f95e860fb4b0ffe5c4d8.png", "media/images/Results_4567_b940033cd16236d20cc4.png"]}, "x/lr0": 0.002000644528283767, "metrics/recall": 0.1897306118469908, "Images": [], "Labels": {"height": 1600, "width": 1600, "_type": "images/separated", "captions": ["labels.png", "labels_correlogram.png"], "count": 2, "filenames": ["media/images/Labels_0_9512d95c2b942dd8a7f4.png", "media/images/Labels_0_db7e44f633381d0abd3c.png"], "format": "png"}, "x/lr1": 0.002000644528283767, "_runtime": 17936, "train/cls_loss": 0.015444514341652392, "metrics/mAP_0.5": 0.17509080862161666, "_timestamp": 1652971506, "metrics/mAP_0.5:0.95": 0.07835139280507977, "_wandb": {"runtime": 17932}}