{"Labels": {"_type": "images/separated", "width": 2000, "height": 2000, "format": "png", "count": 2, "filenames": ["media/images/Labels_0_ee1781c61af4379ad440.png", "media/images/Labels_0_26ea001798a6fac6e5fe.png"], "captions": ["labels_correlogram.png", "labels.png"]}, "_timestamp": 1653066256, "_runtime": 5605, "_step": 3888, "Mosaics": {"_type": "images/separated", "width": 1280, "height": 1280, "format": "jpg", "count": 3, "filenames": ["media/images/Mosaics_1_91067a0d555351fb5afb.jpg", "media/images/Mosaics_1_c4cbc128b08bbb4ba156.jpg", "media/images/Mosaics_1_254d1219d91cb78f2a4e.jpg"], "captions": ["train_batch0.jpg", "train_batch1.jpg", "train_batch2.jpg"]}, "train/box_loss": 0.011269021779298782, "train/obj_loss": 0.026049843057990074, "train/cls_loss": 0.0015333590563386679, "metrics/precision": 0.15016127635743534, "metrics/recall": 0.10141794672098568, "metrics/mAP_0.5": 0.1004526663443543, "metrics/mAP_0.5:0.95": 0.0442698450957685, "val/box_loss": 0.02745865471661091, "val/obj_loss": 0.11872376501560211, "val/cls_loss": 0.012066494673490524, "x/lr0": 0.0020019737585370736, "x/lr1": 0.0020019737585370736, "x/lr2": 0.0020019737585370736, "_wandb": {"runtime": 5624}}