{"Labels": {"_type": "images/separated", "width": 2000, "height": 2000, "format": "png", "count": 2, "filenames": ["media/images/Labels_0_e0215554cda8020f54f4.png", "media/images/Labels_0_8b8f8d06a5386a1cc402.png"], "captions": ["labels_correlogram.png", "labels.png"]}, "_timestamp": 1653329123, "_runtime": 31750, "_step": 8451, "Mosaics": {"_type": "images/separated", "width": 1280, "height": 1280, "format": "jpg", "count": 3, "filenames": ["media/images/Mosaics_1_c73b1d30e6ad57837784.jpg", "media/images/Mosaics_1_b4abf407c2dae2e878be.jpg", "media/images/Mosaics_1_1634b1b130a5cf2625bb.jpg"], "captions": ["train_batch2.jpg", "train_batch1.jpg", "train_batch0.jpg"]}, "train/box_loss": 0.017728706821799278, "train/obj_loss": 0.025074103847146034, "train/cls_loss": 0.0019122528610751033, "metrics/precision": 0.4578579453348991, "metrics/recall": 0.7906419088103913, "metrics/mAP_0.5": 0.7362187092468145, "metrics/mAP_0.5:0.95": 0.5092344512728416, "val/box_loss": 0.02079097181558609, "val/obj_loss": 0.05068615451455116, "val/cls_loss": 0.004302651155740023, "x/lr0": 0.004206467135639872, "x/lr1": 0.004206467135639872, "x/lr2": 0.004206467135639872}