{"Mosaics": {"filenames": ["media/images/Mosaics_1_b10f5a6848dc8c74ec7e.jpg", "media/images/Mosaics_1_ed8ac44e436b0ef2999d.jpg", "media/images/Mosaics_1_5e1c2668e49b1c197d8f.jpg"], "format": "jpg", "_type": "images/separated", "height": 640, "width": 640, "captions": ["train_batch2.jpg", "train_batch0.jpg", "train_batch1.jpg"], "count": 3}, "metrics/mAP_0.5:0.95": 0.08146336380978049, "x/lr0": 0.002001450139955916, "Labels": {"filenames": ["media/images/Labels_0_9512d95c2b942dd8a7f4.png", "media/images/Labels_0_db7e44f633381d0abd3c.png"], "format": "png", "height": 1600, "width": 1600, "_type": "images/separated", "captions": ["labels.png", "labels_correlogram.png"], "count": 2}, "_runtime": 17710, "train/cls_loss": 0.016653187572956085, "train/obj_loss": 0.038607146590948105, "x/lr2": 0.002001450139955916, "metrics/recall": 0.1894582692329692, "_timestamp": 1652962863, "val/cls_loss": 0.020352227613329887, "_step": 4538, "x/lr1": 0.002001450139955916, "val/obj_loss": 0.06384281069040298, "train/box_loss": 0.02806695736944675, "metrics/mAP_0.5": 0.177645288897932, "metrics/precision": 0.11059868176465192, "val/box_loss": 0.03787963464856148, "_wandb": {"runtime": 17766}}