{"x/lr0": 0.0022170174615475336, "val/cls_loss": 0.005895661190152168, "x/lr1": 0.0022170174615475336, "_timestamp": 1652896090, "metrics/mAP_0.5:0.95": 0.509445295089337, "Labels": {"format": "png", "height": 2000, "width": 2000, "captions": ["labels_correlogram.png", "labels.png"], "count": 2, "_type": "images/separated", "filenames": ["media/images/Labels_0_0b7d782eea51b7885d91.png", "media/images/Labels_0_6b867ca0cf041589d8f0.png"]}, "train/box_loss": 0.006709227804094553, "metrics/precision": 0.689115665015659, "x/lr2": 0.0022170174615475336, "metrics/recall": 0.6262854893326286, "train/obj_loss": 0.02090664394199848, "Mosaics": {"format": "jpg", "_type": "images/separated", "height": 1280, "width": 1280, "captions": ["train_batch0.jpg", "train_batch1.jpg", "train_batch2.jpg"], "count": 3, "filenames": ["media/images/Mosaics_1_f4b88ff17c00bde0f4f1.jpg", "media/images/Mosaics_1_36fd27e201beb8666fec.jpg", "media/images/Mosaics_1_f51b147a1af1bfab1b56.jpg"]}, "_step": 17460, "train/cls_loss": 0.0003234409959986806, "metrics/mAP_0.5": 0.6641885899885261, "val/box_loss": 0.019574930891394615, "_runtime": 105832, "val/obj_loss": 0.09988504648208618}