{"Labels": {"_type": "images/separated", "width": 2000, "height": 2000, "format": "png", "count": 2, "filenames": ["media/images/Labels_0_b5b0914d90e2bd6a8e1a.png", "media/images/Labels_0_f43788d4cec7fe4c4b90.png"], "captions": ["labels_correlogram.png", "labels.png"]}, "_timestamp": 1652877395, "_runtime": 186, "_step": 79, "Mosaics": {"_type": "images/separated", "width": 1280, "height": 1280, "format": "jpg", "count": 3, "filenames": ["media/images/Mosaics_1_2122d8b2c5fd4541c37a.jpg", "media/images/Mosaics_1_f0dae29e36229212dcc5.jpg", "media/images/Mosaics_1_1d19bf80539ff740cb2c.jpg"], "captions": ["train_batch2.jpg", "train_batch0.jpg", "train_batch1.jpg"]}, "train/box_loss": 0.07925768941640854, "train/obj_loss": 0.07752961665391922, "train/cls_loss": 0.043927207589149475, "metrics/precision": 0.0, "metrics/recall": 0.0, "metrics/mAP_0.5": 0.0022052366692798214, "metrics/mAP_0.5:0.95": 0.0004952426699704021, "val/box_loss": 0.07794918864965439, "val/obj_loss": 0.09761369228363037, "val/cls_loss": 0.04419190436601639, "x/lr0": 0.0025699436341077467, "x/lr1": 0.0025699436341077467, "x/lr2": 0.07686994363410775, "_wandb": {"runtime": 217}}