{"Labels": {"_type": "images/separated", "width": 2000, "height": 2000, "format": "png", "count": 2, "filenames": ["media/images/Labels_0_5e926978fca5f3800196.png", "media/images/Labels_0_cc136a9a1b544e744328.png"], "captions": ["labels_correlogram.png", "labels.png"]}, "_timestamp": 1653045103, "_runtime": 5044, "_step": 3888, "Mosaics": {"_type": "images/separated", "width": 1280, "height": 1280, "format": "jpg", "count": 3, "filenames": ["media/images/Mosaics_1_7205fdb5855d0ff326f7.jpg", "media/images/Mosaics_1_249c55a83385e6167ce9.jpg", "media/images/Mosaics_1_90810c8273183cdf9468.jpg"], "captions": ["train_batch2.jpg", "train_batch0.jpg", "train_batch1.jpg"]}, "train/box_loss": 0.015767259523272514, "train/obj_loss": 0.0587238073348999, "train/cls_loss": 0.004033522680401802, "metrics/precision": 0.3605588633054883, "metrics/recall": 0.6297306509430999, "metrics/mAP_0.5": 0.557774178840653, "metrics/mAP_0.5:0.95": 0.36263936098776617, "val/box_loss": 0.018243230879306793, "val/obj_loss": 0.08679217845201492, "val/cls_loss": 0.005459476262331009, "x/lr0": 0.0020019737585370736, "x/lr1": 0.0020019737585370736, "x/lr2": 0.0020019737585370736, "_wandb": {"runtime": 5058}}