{"Labels": {"_type": "images/separated", "width": 2000, "height": 2000, "format": "png", "count": 2, "filenames": ["media/images/Labels_0_5e926978fca5f3800196.png", "media/images/Labels_0_cc136a9a1b544e744328.png"], "captions": ["labels_correlogram.png", "labels.png"]}, "_timestamp": 1653060452, "_runtime": 7203, "_step": 2679, "Mosaics": {"_type": "images/separated", "width": 1280, "height": 1280, "format": "jpg", "count": 3, "filenames": ["media/images/Mosaics_1_d1e79cf0eb64e13a0f19.jpg", "media/images/Mosaics_1_636506bba1f8b0a2b999.jpg", "media/images/Mosaics_1_60ed03d134bda09889c6.jpg"], "captions": ["train_batch2.jpg", "train_batch1.jpg", "train_batch0.jpg"]}, "train/box_loss": 0.014947377145290375, "train/obj_loss": 0.023202726617455482, "train/cls_loss": 0.0023715693969279528, "metrics/precision": 0.14354450801413945, "metrics/recall": 0.026415393239258123, "metrics/mAP_0.5": 0.056202010103700475, "metrics/mAP_0.5:0.95": 0.026940619706872983, "val/box_loss": 0.0347256101667881, "val/obj_loss": 0.12582984566688538, "val/cls_loss": 0.023327700793743134, "x/lr0": 0.0038566928200840147, "x/lr1": 0.0038566928200840147, "x/lr2": 0.0038566928200840147}