{"Labels": {"_type": "images/separated", "width": 1600, "height": 1600, "format": "png", "count": 2, "filenames": ["media/images/Labels_0_62cf63d80c67b72e2425.png", "media/images/Labels_0_ea758ba68ba4a2e13f43.png"], "captions": ["labels.png", "labels_correlogram.png"]}, "_timestamp": 1653003889, "_runtime": 16192, "_step": 3888, "Mosaics": {"_type": "images/separated", "width": 1280, "height": 1280, "format": "jpg", "count": 3, "filenames": ["media/images/Mosaics_1_7ad33c3885de1790eed5.jpg", "media/images/Mosaics_1_8a8dfb4a50dbf9060e1c.jpg", "media/images/Mosaics_1_354fd9d0557479924952.jpg"], "captions": ["train_batch2.jpg", "train_batch1.jpg", "train_batch0.jpg"]}, "train/box_loss": 0.01628793589770794, "train/obj_loss": 0.025040775537490845, "train/cls_loss": 0.0020265732891857624, "metrics/precision": 0.44623233579616584, "metrics/recall": 0.7941405435776219, "metrics/mAP_0.5": 0.7483024422957671, "metrics/mAP_0.5:0.95": 0.5138735248496753, "val/box_loss": 0.019702497869729996, "val/obj_loss": 0.048755623400211334, "val/cls_loss": 0.004601475782692432, "x/lr0": 0.0020019737585370736, "x/lr1": 0.0020019737585370736, "x/lr2": 0.0020019737585370736, "_wandb": {"runtime": 16243}}