{"_timestamp": 1652908838, "train/box_loss": 0.006758414674550295, "val/box_loss": 0.01825602538883686, "metrics/precision": 0.5980103399215783, "_step": 19475, "Labels": {"captions": ["labels_correlogram.png", "labels.png"], "count": 2, "filenames": ["media/images/Labels_0_0b7d782eea51b7885d91.png", "media/images/Labels_0_6b867ca0cf041589d8f0.png"], "format": "png", "height": 2000, "_type": "images/separated", "width": 2000}, "x/lr2": 0.002000078956575452, "val/cls_loss": 0.005595382768660784, "metrics/recall": 0.6980119869170285, "x/lr1": 0.002000078956575452, "metrics/mAP_0.5:0.95": 0.5371337156428851, "train/obj_loss": 0.02081199921667576, "x/lr0": 0.002000078956575452, "val/obj_loss": 0.08881368488073349, "train/cls_loss": 0.00037154569872654974, "metrics/mAP_0.5": 0.6931517382386131, "Mosaics": {"captions": ["train_batch0.jpg", "train_batch1.jpg", "train_batch2.jpg"], "count": 3, "filenames": ["media/images/Mosaics_1_f4b88ff17c00bde0f4f1.jpg", "media/images/Mosaics_1_36fd27e201beb8666fec.jpg", "media/images/Mosaics_1_f51b147a1af1bfab1b56.jpg"], "format": "jpg", "_type": "images/separated", "height": 1280, "width": 1280}, "_runtime": 118264, "_wandb": {"runtime": 12317}}